{"cameraMode":{"drawMode":0,"name":"Shaded","section":"Shading Mode"},"sceneLighting":true,"audioPlay":false,"sceneViewState":{"showFog":true,"showMaterialUpdate":false,"showSkybox":true,"showFlares":true,"showImageEffects":true,"showParticleSystems":true},"in2DMode":false,"pivot":{"x":21.32735252380371,"y":2.5918169021606447,"z":38.420108795166019},"rotation":{"x":0.051433101296424869,"y":0.2236485332250595,"z":-0.011817344464361668,"w":0.9732509255409241},"size":1.8025555610656739,"orthographic":false}